{
  "credit": "Designed by Shulker",
  "ambientocclusion": false,
  "textures": {
    "0": "block/detector_rail",
    "particle": "block/detector_rail"
  },
  "elements": [
    {
      "from": [
        2,
        0.5,
        0
      ],
      "to": [
        4,
        1,
        16
      ],
      "faces": {
        "north": {
          "uv": [
            2,
            0,
            4,
            1
          ],
          "rotation": 180,
          "texture": "#0",
          "cullface": "north"
        },
        "east": {
          "uv": [
            3,
            0,
            4,
            16
          ],
          "rotation": 90,
          "texture": "#0"
        },
        "south": {
          "uv": [
            2,
            15,
            4,
            16
          ],
          "texture": "#0",
          "cullface": "south"
        },
        "west": {
          "uv": [
            2,
            0,
            3,
            16
          ],
          "rotation": 270,
          "texture": "#0"
        },
        "up": {
          "uv": [
            2,
            0,
            4,
            16
          ],
          "texture": "#0"
        },
        "down": {
          "uv": [
            2,
            0,
            4,
            16
          ],
          "texture": "#0"
        }
      }
    },
    {
      "from": [
        12,
        0.5,
        0
      ],
      "to": [
        14,
        1,
        16
      ],
      "faces": {
        "north": {
          "uv": [
            12,
            0,
            14,
            1
          ],
          "rotation": 180,
          "texture": "#0",
          "cullface": "north"
        },
        "east": {
          "uv": [
            13,
            0,
            14,
            16
          ],
          "rotation": 90,
          "texture": "#0"
        },
        "south": {
          "uv": [
            12,
            15,
            14,
            16
          ],
          "texture": "#0",
          "cullface": "south"
        },
        "west": {
          "uv": [
            12,
            0,
            13,
            16
          ],
          "rotation": 270,
          "texture": "#0"
        },
        "up": {
          "uv": [
            12,
            0,
            14,
            16
          ],
          "texture": "#0"
        },
        "down": {
          "uv": [
            12,
            0,
            14,
            16
          ],
          "texture": "#0"
        }
      }
    },
    {
      "from": [
        4,
        0,
        1
      ],
      "to": [
        12,
        0.5,
        3
      ],
      "faces": {
        "north": {
          "uv": [
            4,
            1,
            12,
            2
          ],
          "rotation": 180,
          "texture": "#0"
        },
        "south": {
          "uv": [
            4,
            2,
            12,
            3
          ],
          "texture": "#0"
        },
        "up": {
          "uv": [
            4,
            1,
            12,
            3
          ],
          "texture": "#0"
        },
        "down": {
          "uv": [
            12,
            1,
            4,
            3
          ],
          "rotation": 180,
          "texture": "#0",
          "cullface": "down"
        }
      }
    },
    {
      "from": [
        4,
        0,
        5
      ],
      "to": [
        12,
        0.5,
        7
      ],
      "faces": {
        "north": {
          "uv": [
            4,
            5,
            12,
            6
          ],
          "rotation": 180,
          "texture": "#0"
        },
        "south": {
          "uv": [
            4,
            6,
            12,
            7
          ],
          "texture": "#0"
        },
        "up": {
          "uv": [
            4,
            5,
            12,
            7
          ],
          "texture": "#0"
        },
        "down": {
          "uv": [
            4,
            7,
            12,
            5
          ],
          "texture": "#0",
          "cullface": "down"
        }
      }
    },
    {
      "from": [
        4,
        0,
        9
      ],
      "to": [
        12,
        0.5,
        11
      ],
      "faces": {
        "north": {
          "uv": [
            4,
            9,
            12,
            10
          ],
          "rotation": 180,
          "texture": "#0"
        },
        "south": {
          "uv": [
            4,
            10,
            12,
            11
          ],
          "texture": "#0"
        },
        "up": {
          "uv": [
            4,
            9,
            12,
            11
          ],
          "texture": "#0"
        },
        "down": {
          "uv": [
            4,
            11,
            12,
            9
          ],
          "texture": "#0",
          "cullface": "down"
        }
      }
    },
    {
      "from": [
        4,
        0,
        13
      ],
      "to": [
        12,
        0.5,
        15
      ],
      "faces": {
        "north": {
          "uv": [
            4,
            13,
            12,
            14
          ],
          "rotation": 180,
          "texture": "#0"
        },
        "south": {
          "uv": [
            4,
            14,
            12,
            15
          ],
          "texture": "#0"
        },
        "up": {
          "uv": [
            4,
            13,
            12,
            15
          ],
          "texture": "#0"
        },
        "down": {
          "uv": [
            4,
            15,
            12,
            13
          ],
          "texture": "#0",
          "cullface": "down"
        }
      }
    },
    {
      "from": [
        1,
        0,
        1
      ],
      "to": [
        2,
        0.5,
        3
      ],
      "faces": {
        "north": {
          "uv": [
            1,
            1,
            2,
            2
          ],
          "texture": "#0"
        },
        "south": {
          "uv": [
            1,
            2,
            2,
            3
          ],
          "texture": "#0"
        },
        "west": {
          "uv": [
            1,
            1,
            2,
            3
          ],
          "rotation": 270,
          "texture": "#0"
        },
        "up": {
          "uv": [
            1,
            1,
            2,
            3
          ],
          "texture": "#0"
        },
        "down": {
          "uv": [
            1,
            1,
            2,
            3
          ],
          "rotation": 180,
          "texture": "#0",
          "cullface": "down"
        }
      }
    },
    {
      "from": [
        1,
        0,
        5
      ],
      "to": [
        2,
        0.5,
        7
      ],
      "faces": {
        "north": {
          "uv": [
            1,
            5,
            2,
            6
          ],
          "texture": "#0"
        },
        "south": {
          "uv": [
            1,
            6,
            2,
            7
          ],
          "texture": "#0"
        },
        "west": {
          "uv": [
            1,
            5,
            2,
            7
          ],
          "rotation": 270,
          "texture": "#0"
        },
        "up": {
          "uv": [
            1,
            5,
            2,
            7
          ],
          "texture": "#0"
        },
        "down": {
          "uv": [
            1,
            5,
            2,
            7
          ],
          "rotation": 180,
          "texture": "#0",
          "cullface": "down"
        }
      }
    },
    {
      "from": [
        12,
        0,
        9
      ],
      "to": [
        14,
        0.5,
        11
      ],
      "faces": {
        "north": {
          "uv": [
            10,
            13,
            12,
            14
          ],
          "rotation": 180,
          "texture": "#0"
        },
        "south": {
          "uv": [
            10,
            14,
            12,
            15
          ],
          "texture": "#0"
        },
        "up": {
          "uv": [
            10,
            13,
            12,
            15
          ],
          "texture": "#0"
        },
        "down": {
          "uv": [
            12,
            13,
            10,
            15
          ],
          "rotation": 180,
          "texture": "#0",
          "cullface": "down"
        }
      }
    },
    {
      "from": [
        2,
        0,
        9
      ],
      "to": [
        4,
        0.5,
        11
      ],
      "faces": {
        "north": {
          "uv": [
            4,
            13,
            6,
            14
          ],
          "rotation": 180,
          "texture": "#0"
        },
        "south": {
          "uv": [
            4,
            14,
            6,
            15
          ],
          "texture": "#0"
        },
        "up": {
          "uv": [
            4,
            13,
            6,
            15
          ],
          "texture": "#0"
        },
        "down": {
          "uv": [
            4,
            15,
            6,
            13
          ],
          "texture": "#0",
          "cullface": "down"
        }
      }
    },
    {
      "from": [
        12,
        0,
        13
      ],
      "to": [
        14,
        0.5,
        15
      ],
      "faces": {
        "north": {
          "uv": [
            12,
            13,
            10,
            14
          ],
          "texture": "#0"
        },
        "south": {
          "uv": [
            10,
            14,
            12,
            15
          ],
          "texture": "#0"
        },
        "up": {
          "uv": [
            10,
            13,
            12,
            15
          ],
          "texture": "#0"
        },
        "down": {
          "uv": [
            10,
            15,
            12,
            13
          ],
          "texture": "#0",
          "cullface": "down"
        }
      }
    },
    {
      "from": [
        2,
        0,
        13
      ],
      "to": [
        4,
        0.5,
        15
      ],
      "faces": {
        "north": {
          "uv": [
            4,
            13,
            6,
            14
          ],
          "texture": "#0"
        },
        "south": {
          "uv": [
            4,
            14,
            6,
            15
          ],
          "texture": "#0"
        },
        "up": {
          "uv": [
            4,
            13,
            6,
            15
          ],
          "texture": "#0"
        },
        "down": {
          "uv": [
            4,
            15,
            6,
            13
          ],
          "texture": "#0",
          "cullface": "down"
        }
      }
    },
    {
      "from": [
        14,
        0,
        1
      ],
      "to": [
        15,
        0.5,
        3
      ],
      "faces": {
        "north": {
          "uv": [
            14,
            1,
            15,
            2
          ],
          "texture": "#0"
        },
        "east": {
          "uv": [
            14,
            1,
            15,
            3
          ],
          "rotation": 90,
          "texture": "#0",
          "cullface": "east"
        },
        "south": {
          "uv": [
            14,
            2,
            15,
            3
          ],
          "texture": "#0"
        },
        "up": {
          "uv": [
            14,
            1,
            15,
            3
          ],
          "texture": "#0"
        },
        "down": {
          "uv": [
            14,
            1,
            15,
            3
          ],
          "rotation": 180,
          "texture": "#0",
          "cullface": "down"
        }
      }
    },
    {
      "from": [
        14,
        0,
        5
      ],
      "to": [
        15,
        0.5,
        7
      ],
      "faces": {
        "north": {
          "uv": [
            14,
            5,
            15,
            6
          ],
          "texture": "#0"
        },
        "east": {
          "uv": [
            14,
            5,
            15,
            7
          ],
          "rotation": 90,
          "texture": "#0"
        },
        "south": {
          "uv": [
            14,
            6,
            15,
            7
          ],
          "texture": "#0"
        },
        "up": {
          "uv": [
            14,
            5,
            15,
            7
          ],
          "texture": "#0"
        },
        "down": {
          "uv": [
            14,
            5,
            15,
            7
          ],
          "rotation": 180,
          "texture": "#0",
          "cullface": "down"
        }
      }
    },
    {
      "from": [
        2,
        0,
        1
      ],
      "to": [
        4,
        0.5,
        3
      ],
      "faces": {
        "north": {
          "uv": [
            4,
            1,
            6,
            2
          ],
          "rotation": 180,
          "texture": "#0"
        },
        "south": {
          "uv": [
            4,
            2,
            6,
            3
          ],
          "texture": "#0"
        },
        "up": {
          "uv": [
            4,
            1,
            6,
            3
          ],
          "texture": "#0"
        },
        "down": {
          "uv": [
            6,
            1,
            4,
            3
          ],
          "rotation": 180,
          "texture": "#0",
          "cullface": "down"
        }
      }
    },
    {
      "from": [
        2,
        0,
        5
      ],
      "to": [
        4,
        0.5,
        7
      ],
      "faces": {
        "north": {
          "uv": [
            4,
            1,
            6,
            2
          ],
          "rotation": 180,
          "texture": "#0"
        },
        "south": {
          "uv": [
            4,
            2,
            6,
            3
          ],
          "texture": "#0"
        },
        "up": {
          "uv": [
            4,
            1,
            6,
            3
          ],
          "texture": "#0"
        },
        "down": {
          "uv": [
            6,
            1,
            4,
            3
          ],
          "rotation": 180,
          "texture": "#0",
          "cullface": "down"
        }
      }
    },
    {
      "from": [
        12,
        0,
        1
      ],
      "to": [
        14,
        0.5,
        3
      ],
      "faces": {
        "north": {
          "uv": [
            10,
            1,
            12,
            2
          ],
          "rotation": 180,
          "texture": "#0"
        },
        "south": {
          "uv": [
            10,
            2,
            12,
            3
          ],
          "texture": "#0"
        },
        "up": {
          "uv": [
            10,
            1,
            12,
            3
          ],
          "texture": "#0"
        },
        "down": {
          "uv": [
            12,
            1,
            10,
            3
          ],
          "rotation": 180,
          "texture": "#0",
          "cullface": "down"
        }
      }
    },
    {
      "from": [
        12,
        0,
        5
      ],
      "to": [
        14,
        0.5,
        7
      ],
      "faces": {
        "north": {
          "uv": [
            10,
            1,
            12,
            2
          ],
          "rotation": 180,
          "texture": "#0"
        },
        "south": {
          "uv": [
            10,
            2,
            12,
            3
          ],
          "texture": "#0"
        },
        "up": {
          "uv": [
            10,
            1,
            12,
            3
          ],
          "texture": "#0"
        },
        "down": {
          "uv": [
            12,
            1,
            10,
            3
          ],
          "rotation": 180,
          "texture": "#0",
          "cullface": "down"
        }
      }
    },
    {
      "from": [
        1,
        0,
        9
      ],
      "to": [
        2,
        0.5,
        11
      ],
      "faces": {
        "north": {
          "uv": [
            1,
            9,
            2,
            10
          ],
          "texture": "#0"
        },
        "south": {
          "uv": [
            1,
            10,
            2,
            11
          ],
          "texture": "#0"
        },
        "west": {
          "uv": [
            1,
            9,
            2,
            11
          ],
          "rotation": 270,
          "texture": "#0"
        },
        "up": {
          "uv": [
            1,
            9,
            2,
            11
          ],
          "texture": "#0"
        },
        "down": {
          "uv": [
            1,
            11,
            2,
            9
          ],
          "texture": "#0",
          "cullface": "down"
        }
      }
    },
    {
      "from": [
        14,
        0,
        9
      ],
      "to": [
        15,
        0.5,
        11
      ],
      "faces": {
        "north": {
          "uv": [
            14,
            9,
            15,
            10
          ],
          "texture": "#0"
        },
        "east": {
          "uv": [
            14,
            9,
            15,
            11
          ],
          "rotation": 90,
          "texture": "#0"
        },
        "south": {
          "uv": [
            14,
            10,
            15,
            11
          ],
          "texture": "#0"
        },
        "up": {
          "uv": [
            14,
            9,
            15,
            11
          ],
          "texture": "#0"
        },
        "down": {
          "uv": [
            14,
            11,
            15,
            9
          ],
          "texture": "#0",
          "cullface": "down"
        }
      }
    },
    {
      "from": [
        1,
        0,
        13
      ],
      "to": [
        2,
        0.5,
        15
      ],
      "faces": {
        "north": {
          "uv": [
            1,
            13,
            2,
            14
          ],
          "texture": "#0"
        },
        "south": {
          "uv": [
            1,
            14,
            2,
            15
          ],
          "texture": "#0"
        },
        "west": {
          "uv": [
            1,
            15,
            2,
            13
          ],
          "rotation": 90,
          "texture": "#0"
        },
        "up": {
          "uv": [
            1,
            13,
            2,
            15
          ],
          "texture": "#0"
        },
        "down": {
          "uv": [
            1,
            15,
            2,
            13
          ],
          "texture": "#0",
          "cullface": "down"
        }
      }
    },
    {
      "from": [
        14,
        0,
        13
      ],
      "to": [
        15,
        0.5,
        15
      ],
      "faces": {
        "north": {
          "uv": [
            14,
            13,
            15,
            14
          ],
          "texture": "#0"
        },
        "east": {
          "uv": [
            14,
            13,
            15,
            15
          ],
          "rotation": 90,
          "texture": "#0"
        },
        "south": {
          "uv": [
            14,
            14,
            15,
            15
          ],
          "texture": "#0"
        },
        "up": {
          "uv": [
            14,
            13,
            15,
            15
          ],
          "texture": "#0"
        },
        "down": {
          "uv": [
            14,
            15,
            15,
            13
          ],
          "texture": "#0",
          "cullface": "down"
        }
      }
    },
    {
      "from": [
        5,
        0,
        5
      ],
      "to": [
        11,
        0.5,
        11
      ],
      "faces": {
        "north": {
          "uv": [
            11,
            5,
            5,
            6
          ],
          "texture": "#0"
        },
        "east": {
          "uv": [
            10,
            5,
            11,
            11
          ],
          "rotation": 90,
          "texture": "#0"
        },
        "south": {
          "uv": [
            5,
            10,
            11,
            11
          ],
          "texture": "#0"
        },
        "west": {
          "uv": [
            5,
            5,
            6,
            11
          ],
          "rotation": 270,
          "texture": "#0"
        },
        "up": {
          "uv": [
            5,
            5,
            11,
            11
          ],
          "texture": "#0"
        },
        "down": {
          "uv": [
            5,
            11,
            11,
            5
          ],
          "texture": "#0",
          "cullface": "down"
        }
      }
    },
    {
      "from": [
        6,
        0,
        6
      ],
      "to": [
        10,
        1,
        10
      ],
      "faces": {
        "north": {
          "uv": [
            10,
            6,
            6,
            7
          ],
          "texture": "#0"
        },
        "east": {
          "uv": [
            9,
            6,
            10,
            10
          ],
          "rotation": 90,
          "texture": "#0"
        },
        "south": {
          "uv": [
            6,
            9,
            10,
            10
          ],
          "texture": "#0"
        },
        "west": {
          "uv": [
            6,
            6,
            7,
            10
          ],
          "rotation": 270,
          "texture": "#0"
        },
        "up": {
          "uv": [
            6,
            6,
            10,
            10
          ],
          "texture": "#0"
        },
        "down": {
          "uv": [
            6,
            10,
            10,
            6
          ],
          "texture": "#0",
          "cullface": "down"
        }
      }
    }
  ]
}