{
	"credit": "Made By Shulker",
	"textures": {
		"0": "block/exposed_copper_bars",
		"particle": "block/exposed_copper_bars"
	},
	"elements": [
		{
			"from": [7, 0, 7],
			"to": [9, 16, 9],
			"faces": {
				"north": {"uv": [7, 0, 9, 16], "texture": "#0"},
				"east": {"uv": [9, 0, 7, 16], "texture": "#0"},
				"south": {"uv": [7, 0, 9, 16], "texture": "#0"},
				"west": {"uv": [9, 0, 7, 16], "texture": "#0"},
				"up": {"uv": [7, 0, 9, 2], "texture": "#0"},
				"down": {"uv": [7, 14, 9, 16], "texture": "#0"}
			}
		}
	]
}