{
	"credit": "Made by Shulker",
	"textures": {
		"1": "block/brown_mushroom_bottom",
		"cross": "block/brown_mushroom",
		"particle": "block/flower_pot",
		"flowerpot": "block/flower_pot",
		"dirt": "block/dirt"
	},
	"elements": [
		{
			"from": [7.25, 4, 7.25],
			"to": [8.75, 8, 8.75],
			"rotation": {"angle": 0, "axis": "y", "origin": [8, 2, 8]},
			"faces": {
				"north": {"uv": [7, 12, 9, 16], "texture": "#cross"},
				"east": {"uv": [7, 12, 9, 16], "texture": "#cross"},
				"south": {"uv": [7, 12, 9, 16], "texture": "#cross"},
				"west": {"uv": [7, 12, 9, 16], "texture": "#cross"},
				"down": {"uv": [7, 14, 9, 16], "texture": "#cross"}
			}
		},
		{
			"from": [4.5, 8, 4.5],
			"to": [11.5, 10, 11.5],
			"rotation": {"angle": 0, "axis": "y", "origin": [8.5, 5, 8.5]},
			"faces": {
				"north": {"uv": [4, 10, 12, 12], "texture": "#cross"},
				"east": {"uv": [4, 10, 12, 12], "texture": "#cross"},
				"south": {"uv": [4, 10, 12, 12], "texture": "#cross"},
				"west": {"uv": [4, 10, 12, 12], "texture": "#cross"},
				"up": {"uv": [10, 9, 11, 10], "texture": "#cross"},
				"down": {"uv": [0, 0, 8, 8], "texture": "#1"}
			}
		},
		{
			"from": [5.5, 10, 5.5],
			"to": [10.5, 11, 10.5],
			"rotation": {"angle": 0, "axis": "y", "origin": [8.5, 4.75, 8.5]},
			"faces": {
				"north": {"uv": [5, 9, 11, 10], "texture": "#cross"},
				"east": {"uv": [5, 9, 11, 10], "texture": "#cross"},
				"south": {"uv": [5, 9, 11, 10], "texture": "#cross"},
				"west": {"uv": [5, 9, 11, 10], "texture": "#cross"},
				"up": {"uv": [9, 8, 10, 9], "texture": "#cross"}
			}
		},
		{
			"from": [6.5, 11, 6.5],
			"to": [9.5, 12, 9.5],
			"rotation": {"angle": 0, "axis": "y", "origin": [8.5, 4.75, 8.5]},
			"faces": {
				"north": {"uv": [6, 8, 10, 9], "texture": "#cross"},
				"east": {"uv": [6, 8, 10, 9], "texture": "#cross"},
				"south": {"uv": [6, 8, 10, 9], "texture": "#cross"},
				"west": {"uv": [6, 8, 10, 9], "texture": "#cross"},
				"up": {"uv": [6, 8, 10, 12], "texture": "#cross"}
			}
		},
		{
			"from": [5, 0, 5],
			"to": [11, 6, 11],
			"faces": {
				"north": {"uv": [5, 10, 11, 16], "texture": "#flowerpot"},
				"east": {"uv": [5, 10, 11, 16], "texture": "#flowerpot"},
				"south": {"uv": [5, 10, 11, 16], "texture": "#flowerpot"},
				"west": {"uv": [5, 10, 11, 16], "texture": "#flowerpot"},
				"up": {"uv": [5, 4, 11, 10], "texture": "#flowerpot"},
				"down": {"uv": [10, 15, 11, 16], "texture": "#flowerpot"}
			}
		},
		{
			"from": [10, 6, 10],
			"to": [6, 4, 6],
			"faces": {
				"north": {"uv": [6, 4, 10, 5], "texture": "#flowerpot"},
				"east": {"uv": [6, 4, 10, 5], "texture": "#flowerpot"},
				"south": {"uv": [6, 4, 10, 5], "texture": "#flowerpot"},
				"west": {"uv": [6, 4, 10, 5], "texture": "#flowerpot"},
				"up": {"uv": [6, 6, 10, 10], "texture": "#dirt"}
			}
		}
	]
}