{
	"credit": "Made with Blockbench",
	"textures": {
		"1": "block/chain",
		"particle": "#particle"
	},
	"elements": [
		{
			"from": [7.5, 10, 3.50001],
			"to": [8.5, 12, 4.50001],
			"rotation": {"angle": -45, "axis": "y", "origin": [8, 13.25, 8]},
			"faces": {
				"north": {"uv": [5, 14, 6, 16], "texture": "#1"},
				"east": {"uv": [3, 14, 4, 16], "texture": "#1"},
				"south": {"uv": [5, 14, 6, 16], "texture": "#1"},
				"west": {"uv": [3, 14, 4, 16], "texture": "#1"},
				"up": {"uv": [3, 14, 4, 15], "rotation": 90, "texture": "#1"}
			}
		},
		{
			"from": [7.5, 10, 1.50001],
			"to": [8.5, 12, 2.50001],
			"rotation": {"angle": -45, "axis": "y", "origin": [8, 13.25, 8]},
			"faces": {
				"north": {"uv": [5, 14, 6, 16], "texture": "#1"},
				"east": {"uv": [3, 14, 4, 16], "texture": "#1"},
				"south": {"uv": [5, 14, 6, 16], "texture": "#1"},
				"west": {"uv": [3, 14, 4, 16], "texture": "#1"},
				"up": {"uv": [3, 14, 4, 15], "rotation": 90, "texture": "#1"}
			}
		},
		{
			"from": [7.5, 11, 2.50001],
			"to": [8.5, 12, 3.50001],
			"rotation": {"angle": -45, "axis": "y", "origin": [8, 13.25, 8]},
			"faces": {
				"up": {"uv": [2, 12, 1, 13], "rotation": 90, "texture": "#1"},
				"down": {"uv": [1, 12, 2, 13], "rotation": 270, "texture": "#1"}
			}
		},
		{
			"from": [7.5, 10, 13.49999],
			"to": [8.5, 12, 14.49999],
			"rotation": {"angle": -45, "axis": "y", "origin": [8, 13.25, 8]},
			"faces": {
				"north": {"uv": [5, 14, 6, 16], "texture": "#1"},
				"east": {"uv": [3, 14, 4, 16], "texture": "#1"},
				"south": {"uv": [5, 14, 6, 16], "texture": "#1"},
				"west": {"uv": [3, 14, 4, 16], "texture": "#1"},
				"up": {"uv": [3, 14, 4, 15], "rotation": 90, "texture": "#1"}
			}
		},
		{
			"from": [7.5, 10, 11.49999],
			"to": [8.5, 12, 12.49999],
			"rotation": {"angle": -45, "axis": "y", "origin": [8, 13.25, 8]},
			"faces": {
				"north": {"uv": [5, 14, 6, 16], "texture": "#1"},
				"east": {"uv": [3, 14, 4, 16], "texture": "#1"},
				"south": {"uv": [5, 14, 6, 16], "texture": "#1"},
				"west": {"uv": [3, 14, 4, 16], "texture": "#1"},
				"up": {"uv": [3, 14, 4, 15], "rotation": 90, "texture": "#1"}
			}
		},
		{
			"from": [7.5, 11, 12.49999],
			"to": [8.5, 12, 13.49999],
			"rotation": {"angle": -45, "axis": "y", "origin": [8, 13.25, 8]},
			"faces": {
				"up": {"uv": [2, 12, 1, 13], "rotation": 90, "texture": "#1"},
				"down": {"uv": [1, 12, 2, 13], "rotation": 270, "texture": "#1"}
			}
		},
		{
			"from": [6.5, 11, 2.5],
			"to": [7.5, 13, 3.5],
			"rotation": {"angle": -45, "axis": "y", "origin": [8, 13.25, 8]},
			"faces": {
				"north": {"uv": [0, 1, 1, 3], "texture": "#1"},
				"east": {"uv": [0, 1, 1, 3], "texture": "#1"},
				"south": {"uv": [0, 1, 1, 3], "texture": "#1"},
				"west": {"uv": [0, 1, 1, 3], "texture": "#1"},
				"up": {"uv": [0, 1, 1, 2], "rotation": 90, "texture": "#1"},
				"down": {"uv": [0, 2, 1, 3], "rotation": 270, "texture": "#1"}
			}
		},
		{
			"from": [8.5, 11, 2.5],
			"to": [9.5, 13, 3.5],
			"rotation": {"angle": -45, "axis": "y", "origin": [8, 13.25, 8]},
			"faces": {
				"north": {"uv": [0, 1, 1, 3], "texture": "#1"},
				"east": {"uv": [0, 1, 1, 3], "texture": "#1"},
				"south": {"uv": [0, 1, 1, 3], "texture": "#1"},
				"west": {"uv": [0, 1, 1, 3], "texture": "#1"},
				"up": {"uv": [0, 1, 1, 2], "rotation": 90, "texture": "#1"},
				"down": {"uv": [0, 2, 1, 3], "rotation": 270, "texture": "#1"}
			}
		},
		{
			"from": [8.5, 11, 3.5],
			"to": [9.5, 12, 4.5],
			"rotation": {"angle": -45, "axis": "y", "origin": [8, 13.25, 8]},
			"faces": {
				"north": {"uv": [0, 0, 1, 1], "texture": "#missing"},
				"east": {"uv": [0, 3, 1, 4], "texture": "#1"},
				"south": {"uv": [0, 3, 1, 4], "texture": "#1"},
				"up": {"uv": [0, 3, 1, 4], "rotation": 90, "texture": "#1"},
				"down": {"uv": [0, 3, 1, 4], "rotation": 270, "texture": "#1"}
			}
		},
		{
			"from": [6.5, 11, 3.5],
			"to": [7.5, 12, 4.5],
			"rotation": {"angle": -45, "axis": "y", "origin": [8, 13.25, 8]},
			"faces": {
				"north": {"uv": [0, 0, 1, 1], "texture": "#missing"},
				"south": {"uv": [1, 1, 2, 2], "texture": "#1"},
				"west": {"uv": [1, 1, 2, 2], "texture": "#1"},
				"up": {"uv": [1, 1, 2, 2], "rotation": 90, "texture": "#1"},
				"down": {"uv": [1, 1, 2, 2], "rotation": 270, "texture": "#1"}
			}
		},
		{
			"from": [8.5, 13, 3.5],
			"to": [9.5, 14, 4.5],
			"rotation": {"angle": -45, "axis": "y", "origin": [8, 13.25, 8]},
			"faces": {
				"north": {"uv": [0, 1, 1, 2], "texture": "#1"},
				"east": {"uv": [0, 1, 1, 2], "texture": "#1"},
				"south": {"uv": [0, 1, 1, 2], "texture": "#1"},
				"west": {"uv": [0, 1, 1, 2], "texture": "#1"},
				"up": {"uv": [0, 1, 1, 2], "rotation": 90, "texture": "#1"},
				"down": {"uv": [0, 1, 1, 2], "rotation": 270, "texture": "#1"}
			}
		},
		{
			"from": [6.5, 13, 3.5],
			"to": [7.5, 14, 4.5],
			"rotation": {"angle": -45, "axis": "y", "origin": [8, 13.25, 8]},
			"faces": {
				"north": {"uv": [1, 1, 2, 2], "texture": "#1"},
				"east": {"uv": [1, 1, 2, 2], "texture": "#1"},
				"south": {"uv": [1, 1, 2, 2], "texture": "#1"},
				"west": {"uv": [1, 1, 2, 2], "texture": "#1"},
				"up": {"uv": [1, 1, 2, 2], "rotation": 90, "texture": "#1"},
				"down": {"uv": [1, 1, 2, 2], "rotation": 270, "texture": "#1"}
			}
		},
		{
			"from": [6.5, 12, 4.5],
			"to": [7.5, 14, 5.5],
			"rotation": {"angle": -45, "axis": "y", "origin": [8, 13.25, 8]},
			"faces": {
				"north": {"uv": [2, 1, 3, 3], "texture": "#1"},
				"east": {"uv": [2, 1, 3, 3], "texture": "#1"},
				"south": {"uv": [2, 1, 3, 3], "texture": "#1"},
				"west": {"uv": [2, 1, 3, 3], "texture": "#1"},
				"up": {"uv": [2, 1, 3, 2], "rotation": 90, "texture": "#1"},
				"down": {"uv": [2, 2, 3, 3], "rotation": 270, "texture": "#1"}
			}
		},
		{
			"from": [8.5, 12, 4.5],
			"to": [9.5, 14, 5.5],
			"rotation": {"angle": -45, "axis": "y", "origin": [8, 13.25, 8]},
			"faces": {
				"north": {"uv": [2, 1, 3, 3], "texture": "#1"},
				"east": {"uv": [2, 1, 3, 3], "texture": "#1"},
				"south": {"uv": [2, 1, 3, 3], "texture": "#1"},
				"west": {"uv": [2, 1, 3, 3], "texture": "#1"},
				"up": {"uv": [2, 1, 3, 2], "rotation": 90, "texture": "#1"},
				"down": {"uv": [2, 2, 3, 3], "rotation": 270, "texture": "#1"}
			}
		},
		{
			"from": [7.5, 13, 4.5],
			"to": [8.5, 15, 5.5],
			"rotation": {"angle": -45, "axis": "y", "origin": [8, 13.25, 8]},
			"faces": {
				"north": {"uv": [0, 1, 1, 3], "texture": "#1"},
				"east": {"uv": [0, 1, 1, 3], "texture": "#1"},
				"south": {"uv": [0, 1, 1, 3], "texture": "#1"},
				"west": {"uv": [0, 1, 1, 3], "texture": "#1"},
				"up": {"uv": [0, 1, 1, 2], "rotation": 90, "texture": "#1"},
				"down": {"uv": [0, 2, 1, 3], "rotation": 270, "texture": "#1"}
			}
		},
		{
			"from": [7.5, 13, 5.5],
			"to": [8.5, 14, 6.5],
			"rotation": {"angle": -45, "axis": "y", "origin": [8, 13.25, 8]},
			"faces": {
				"north": {"uv": [0, 0, 1, 1], "texture": "#missing"},
				"east": {"uv": [1, 1, 2, 2], "texture": "#1"},
				"south": {"uv": [1, 1, 2, 2], "texture": "#1"},
				"west": {"uv": [1, 1, 2, 2], "texture": "#1"},
				"up": {"uv": [1, 1, 2, 2], "rotation": 90, "texture": "#1"},
				"down": {"uv": [1, 1, 2, 2], "rotation": 270, "texture": "#1"}
			}
		},
		{
			"from": [7.5, 15, 5.5],
			"to": [8.5, 16, 6.5],
			"rotation": {"angle": -45, "axis": "y", "origin": [8, 13.25, 8]},
			"faces": {
				"north": {"uv": [0, 1, 1, 2], "texture": "#1"},
				"east": {"uv": [0, 1, 1, 2], "texture": "#1"},
				"south": {"uv": [0, 1, 1, 2], "texture": "#1"},
				"west": {"uv": [0, 1, 1, 2], "texture": "#1"},
				"up": {"uv": [0, 1, 1, 2], "rotation": 90, "texture": "#1"},
				"down": {"uv": [0, 1, 1, 2], "rotation": 270, "texture": "#1"}
			}
		},
		{
			"from": [7.5, 14, 6.5],
			"to": [8.5, 16, 7.5],
			"rotation": {"angle": -45, "axis": "y", "origin": [8, 13.25, 8]},
			"faces": {
				"north": {"uv": [2, 1, 3, 3], "texture": "#1"},
				"east": {"uv": [2, 1, 3, 3], "texture": "#1"},
				"south": {"uv": [2, 1, 3, 3], "texture": "#1"},
				"west": {"uv": [2, 1, 3, 3], "texture": "#1"},
				"up": {"uv": [2, 1, 3, 2], "rotation": 90, "texture": "#1"},
				"down": {"uv": [2, 2, 3, 3], "rotation": 270, "texture": "#1"}
			}
		},
		{
			"from": [8.5, 11, 12.5],
			"to": [9.5, 13, 13.5],
			"rotation": {"angle": -45, "axis": "y", "origin": [8, 13.25, 8]},
			"faces": {
				"north": {"uv": [0, 1, 1, 3], "texture": "#1"},
				"east": {"uv": [0, 1, 1, 3], "texture": "#1"},
				"south": {"uv": [0, 1, 1, 3], "texture": "#1"},
				"west": {"uv": [0, 1, 1, 3], "texture": "#1"},
				"up": {"uv": [0, 1, 1, 2], "rotation": 270, "texture": "#1"},
				"down": {"uv": [0, 2, 1, 3], "rotation": 90, "texture": "#1"}
			}
		},
		{
			"from": [6.5, 11, 12.5],
			"to": [7.5, 13, 13.5],
			"rotation": {"angle": -45, "axis": "y", "origin": [8, 13.25, 8]},
			"faces": {
				"north": {"uv": [0, 1, 1, 3], "texture": "#1"},
				"east": {"uv": [0, 1, 1, 3], "texture": "#1"},
				"south": {"uv": [0, 1, 1, 3], "texture": "#1"},
				"west": {"uv": [0, 1, 1, 3], "texture": "#1"},
				"up": {"uv": [0, 1, 1, 2], "rotation": 270, "texture": "#1"},
				"down": {"uv": [0, 2, 1, 3], "rotation": 90, "texture": "#1"}
			}
		},
		{
			"from": [6.5, 11, 11.5],
			"to": [7.5, 12, 12.5],
			"rotation": {"angle": -45, "axis": "y", "origin": [8, 13.25, 8]},
			"faces": {
				"north": {"uv": [0, 3, 1, 4], "texture": "#1"},
				"south": {"uv": [0, 0, 1, 1], "texture": "#missing"},
				"west": {"uv": [0, 3, 1, 4], "texture": "#1"},
				"up": {"uv": [0, 3, 1, 4], "rotation": 270, "texture": "#1"},
				"down": {"uv": [0, 3, 1, 4], "rotation": 90, "texture": "#1"}
			}
		},
		{
			"from": [8.5, 11, 11.5],
			"to": [9.5, 12, 12.5],
			"rotation": {"angle": -45, "axis": "y", "origin": [8, 13.25, 8]},
			"faces": {
				"north": {"uv": [1, 1, 2, 2], "texture": "#1"},
				"east": {"uv": [1, 1, 2, 2], "texture": "#1"},
				"south": {"uv": [0, 0, 1, 1], "texture": "#missing"},
				"up": {"uv": [1, 1, 2, 2], "rotation": 270, "texture": "#1"},
				"down": {"uv": [1, 1, 2, 2], "rotation": 90, "texture": "#1"}
			}
		},
		{
			"from": [6.5, 13, 11.5],
			"to": [7.5, 14, 12.5],
			"rotation": {"angle": -45, "axis": "y", "origin": [8, 13.25, 8]},
			"faces": {
				"north": {"uv": [0, 1, 1, 2], "texture": "#1"},
				"east": {"uv": [0, 1, 1, 2], "texture": "#1"},
				"south": {"uv": [0, 1, 1, 2], "texture": "#1"},
				"west": {"uv": [0, 1, 1, 2], "texture": "#1"},
				"up": {"uv": [0, 1, 1, 2], "rotation": 270, "texture": "#1"},
				"down": {"uv": [0, 1, 1, 2], "rotation": 90, "texture": "#1"}
			}
		},
		{
			"from": [8.5, 13, 11.5],
			"to": [9.5, 14, 12.5],
			"rotation": {"angle": -45, "axis": "y", "origin": [8, 13.25, 8]},
			"faces": {
				"north": {"uv": [1, 1, 2, 2], "texture": "#1"},
				"east": {"uv": [1, 1, 2, 2], "texture": "#1"},
				"south": {"uv": [1, 1, 2, 2], "texture": "#1"},
				"west": {"uv": [1, 1, 2, 2], "texture": "#1"},
				"up": {"uv": [1, 1, 2, 2], "rotation": 270, "texture": "#1"},
				"down": {"uv": [1, 1, 2, 2], "rotation": 90, "texture": "#1"}
			}
		},
		{
			"from": [8.5, 12, 10.5],
			"to": [9.5, 14, 11.5],
			"rotation": {"angle": -45, "axis": "y", "origin": [8, 13.25, 8]},
			"faces": {
				"north": {"uv": [2, 1, 3, 3], "texture": "#1"},
				"east": {"uv": [2, 1, 3, 3], "texture": "#1"},
				"south": {"uv": [2, 1, 3, 3], "texture": "#1"},
				"west": {"uv": [2, 1, 3, 3], "texture": "#1"},
				"up": {"uv": [2, 1, 3, 2], "rotation": 270, "texture": "#1"},
				"down": {"uv": [2, 2, 3, 3], "rotation": 90, "texture": "#1"}
			}
		},
		{
			"from": [6.5, 12, 10.5],
			"to": [7.5, 14, 11.5],
			"rotation": {"angle": -45, "axis": "y", "origin": [8, 13.25, 8]},
			"faces": {
				"north": {"uv": [2, 1, 3, 3], "texture": "#1"},
				"east": {"uv": [2, 1, 3, 3], "texture": "#1"},
				"south": {"uv": [2, 1, 3, 3], "texture": "#1"},
				"west": {"uv": [2, 1, 3, 3], "texture": "#1"},
				"up": {"uv": [2, 1, 3, 2], "rotation": 270, "texture": "#1"},
				"down": {"uv": [2, 2, 3, 3], "rotation": 90, "texture": "#1"}
			}
		},
		{
			"from": [7.5, 13, 10.5],
			"to": [8.5, 15, 11.5],
			"rotation": {"angle": -45, "axis": "y", "origin": [8, 13.25, 8]},
			"faces": {
				"north": {"uv": [0, 1, 1, 3], "texture": "#1"},
				"east": {"uv": [0, 1, 1, 3], "texture": "#1"},
				"south": {"uv": [0, 1, 1, 3], "texture": "#1"},
				"west": {"uv": [0, 1, 1, 3], "texture": "#1"},
				"up": {"uv": [0, 1, 1, 2], "rotation": 270, "texture": "#1"},
				"down": {"uv": [0, 2, 1, 3], "rotation": 90, "texture": "#1"}
			}
		},
		{
			"from": [7.5, 13, 9.5],
			"to": [8.5, 14, 10.5],
			"rotation": {"angle": -45, "axis": "y", "origin": [8, 13.25, 8]},
			"faces": {
				"north": {"uv": [1, 1, 2, 2], "texture": "#1"},
				"east": {"uv": [1, 1, 2, 2], "texture": "#1"},
				"south": {"uv": [0, 0, 1, 1], "texture": "#missing"},
				"west": {"uv": [1, 1, 2, 2], "texture": "#1"},
				"up": {"uv": [1, 1, 2, 2], "rotation": 270, "texture": "#1"},
				"down": {"uv": [1, 1, 2, 2], "rotation": 90, "texture": "#1"}
			}
		},
		{
			"from": [7.5, 15, 9.5],
			"to": [8.5, 16, 10.5],
			"rotation": {"angle": -45, "axis": "y", "origin": [8, 13.25, 8]},
			"faces": {
				"north": {"uv": [0, 1, 1, 2], "texture": "#1"},
				"east": {"uv": [0, 1, 1, 2], "texture": "#1"},
				"south": {"uv": [0, 1, 1, 2], "texture": "#1"},
				"west": {"uv": [0, 1, 1, 2], "texture": "#1"},
				"up": {"uv": [0, 1, 1, 2], "rotation": 270, "texture": "#1"},
				"down": {"uv": [0, 1, 1, 2], "rotation": 90, "texture": "#1"}
			}
		},
		{
			"from": [7.5, 14, 8.5],
			"to": [8.5, 16, 9.5],
			"rotation": {"angle": -45, "axis": "y", "origin": [8, 13.25, 8]},
			"faces": {
				"north": {"uv": [2, 1, 3, 3], "texture": "#1"},
				"east": {"uv": [2, 1, 3, 3], "texture": "#1"},
				"south": {"uv": [2, 1, 3, 3], "texture": "#1"},
				"west": {"uv": [2, 1, 3, 3], "texture": "#1"},
				"up": {"uv": [2, 1, 3, 2], "rotation": 270, "texture": "#1"},
				"down": {"uv": [2, 2, 3, 3], "rotation": 90, "texture": "#1"}
			}
		},
		{
			"from": [6.5, 15, 6.5],
			"to": [7.5, 16, 9.5],
			"rotation": {"angle": -45, "axis": "y", "origin": [8, 13.25, 8]},
			"faces": {
				"north": {"uv": [0, 1, 1, 2], "rotation": 270, "texture": "#1"},
				"east": {"uv": [0, 1, 3, 2], "rotation": 180, "texture": "#1"},
				"south": {"uv": [2, 1, 3, 2], "rotation": 270, "texture": "#1"},
				"west": {"uv": [0, 1, 3, 2], "rotation": 180, "texture": "#1"},
				"up": {"uv": [0, 1, 3, 2], "rotation": 270, "texture": "#1"},
				"down": {"uv": [0, 1, 3, 2], "rotation": 90, "texture": "#1"}
			}
		},
		{
			"from": [8.5, 15, 6.5],
			"to": [9.5, 16, 9.5],
			"rotation": {"angle": -45, "axis": "y", "origin": [8, 13.25, 8]},
			"faces": {
				"north": {"uv": [0, 1, 1, 2], "rotation": 270, "texture": "#1"},
				"east": {"uv": [0, 1, 3, 2], "rotation": 180, "texture": "#1"},
				"south": {"uv": [2, 1, 3, 2], "rotation": 270, "texture": "#1"},
				"west": {"uv": [0, 1, 3, 2], "rotation": 180, "texture": "#1"},
				"up": {"uv": [0, 1, 3, 2], "rotation": 270, "texture": "#1"},
				"down": {"uv": [0, 1, 3, 2], "rotation": 90, "texture": "#1"}
			}
		}
	],
	"groups": [
		{
			"name": "all",
			"origin": [8, 8, 8],
			"color": 0,
			"children": [
				{
					"name": "root1",
					"origin": [8, 8, 8],
					"color": 0,
					"children": [0, 1, 2]
				},
				{
					"name": "root2",
					"origin": [8, 8, 8],
					"color": 0,
					"children": [3, 4, 5]
				},
				{
					"name": "body1",
					"origin": [8, 8, 8],
					"color": 0,
					"children": [6, 7, 8, 9, 10, 11, 12, 13, 14, 15, 16, 17]
				},
				{
					"name": "body2",
					"origin": [8, 8, 8],
					"color": 0,
					"children": [18, 19, 20, 21, 22, 23, 24, 25, 26, 27, 28, 29]
				},
				{
					"name": "top",
					"origin": [8, 8, 8],
					"color": 0,
					"children": [30, 31]
				}
			]
		}
	]
}