{
	"credit": "Made with Blockbench",
	"textures": {
		"1": "block/chain",
		"particle": "#particle"
	},
	"elements": [
		{
			"from": [7.5, 10, 3.50001],
			"to": [8.5, 12, 4.50001],
			"rotation": {"angle": -22.5, "axis": "y", "origin": [8, 13, 8]},
			"faces": {
				"north": {"uv": [5, 14, 6, 16], "texture": "#1"},
				"east": {"uv": [3, 14, 4, 16], "texture": "#1"},
				"south": {"uv": [5, 14, 6, 16], "texture": "#1"},
				"west": {"uv": [3, 14, 4, 16], "texture": "#1"},
				"up": {"uv": [3, 14, 4, 15], "rotation": 90, "texture": "#1"}
			}
		},
		{
			"from": [7.5, 14, 3.50001],
			"to": [8.5, 15.98, 4.50001],
			"rotation": {"angle": -22.5, "axis": "y", "origin": [8, 13, 8]},
			"faces": {
				"north": {"uv": [5, 14, 6, 16], "texture": "#1"},
				"east": {"uv": [3, 14, 4, 16], "texture": "#1"},
				"south": {"uv": [5, 14, 6, 16], "texture": "#1"},
				"west": {"uv": [3, 14, 4, 16], "texture": "#1"},
				"up": {"uv": [3, 14, 4, 15], "texture": "#1"},
				"down": {"uv": [5, 15, 6, 16], "rotation": 270, "texture": "#1"}
			}
		},
		{
			"from": [7.5, 10, 1.50001],
			"to": [8.5, 12, 2.50001],
			"rotation": {"angle": -22.5, "axis": "y", "origin": [8, 13, 8]},
			"faces": {
				"north": {"uv": [5, 14, 6, 16], "texture": "#1"},
				"east": {"uv": [3, 14, 4, 16], "texture": "#1"},
				"south": {"uv": [5, 14, 6, 16], "texture": "#1"},
				"west": {"uv": [3, 14, 4, 16], "texture": "#1"},
				"up": {"uv": [3, 14, 4, 15], "rotation": 90, "texture": "#1"}
			}
		},
		{
			"from": [7.5, 14, 1.50001],
			"to": [8.5, 15.98, 2.50001],
			"rotation": {"angle": -22.5, "axis": "y", "origin": [8, 13, 8]},
			"faces": {
				"north": {"uv": [5, 14, 6, 16], "texture": "#1"},
				"east": {"uv": [3, 14, 4, 16], "texture": "#1"},
				"south": {"uv": [5, 14, 6, 16], "texture": "#1"},
				"west": {"uv": [3, 14, 4, 16], "texture": "#1"},
				"up": {"uv": [3, 14, 4, 15], "texture": "#1"},
				"down": {"uv": [5, 15, 6, 16], "rotation": 270, "texture": "#1"}
			}
		},
		{
			"from": [7.5, 11, 2.50001],
			"to": [8.5, 12, 3.50001],
			"rotation": {"angle": -22.5, "axis": "y", "origin": [8, 13, 8]},
			"faces": {
				"up": {"uv": [2, 12, 1, 13], "rotation": 90, "texture": "#1"},
				"down": {"uv": [1, 12, 2, 13], "rotation": 270, "texture": "#1"}
			}
		},
		{
			"from": [7.5, 14, 2.50001],
			"to": [8.5, 15, 3.50001],
			"rotation": {"angle": -22.5, "axis": "y", "origin": [8, 13, 8]},
			"faces": {
				"up": {"uv": [2, 12, 1, 13], "rotation": 90, "texture": "#1"},
				"down": {"uv": [1, 12, 2, 13], "rotation": 270, "texture": "#1"}
			}
		},
		{
			"from": [8.5, 11, 2.50001],
			"to": [9.5, 15, 3.50001],
			"rotation": {"angle": -22.5, "axis": "y", "origin": [8, 13, 8]},
			"faces": {
				"north": {"uv": [2, 12, 3, 15], "texture": "#1"},
				"east": {"uv": [0, 12, 1, 15], "texture": "#1"},
				"south": {"uv": [2, 12, 3, 15], "texture": "#1"},
				"west": {"uv": [0, 12, 1, 15], "texture": "#1"},
				"up": {"uv": [2, 12, 3, 13], "rotation": 90, "texture": "#1"},
				"down": {"uv": [0, 14, 1, 15], "texture": "#1"}
			}
		},
		{
			"from": [6.5, 11, 2.50001],
			"to": [7.5, 15, 3.50001],
			"rotation": {"angle": -22.5, "axis": "y", "origin": [8, 13, 8]},
			"faces": {
				"north": {"uv": [2, 12, 3, 15], "texture": "#1"},
				"east": {"uv": [0, 12, 1, 15], "texture": "#1"},
				"south": {"uv": [2, 12, 3, 15], "texture": "#1"},
				"west": {"uv": [0, 12, 1, 15], "texture": "#1"},
				"up": {"uv": [2, 12, 3, 13], "rotation": 90, "texture": "#1"},
				"down": {"uv": [0, 14, 1, 15], "texture": "#1"}
			}
		},
		{
			"from": [7.5, 10, 13.49999],
			"to": [8.5, 12, 14.49999],
			"rotation": {"angle": -22.5, "axis": "y", "origin": [8, 13, 8]},
			"faces": {
				"north": {"uv": [5, 14, 6, 16], "texture": "#1"},
				"east": {"uv": [3, 14, 4, 16], "texture": "#1"},
				"south": {"uv": [5, 14, 6, 16], "texture": "#1"},
				"west": {"uv": [3, 14, 4, 16], "texture": "#1"},
				"up": {"uv": [3, 14, 4, 15], "rotation": 90, "texture": "#1"}
			}
		},
		{
			"from": [7.5, 14, 13.49999],
			"to": [8.5, 15.98, 14.49999],
			"rotation": {"angle": -22.5, "axis": "y", "origin": [8, 13, 8]},
			"faces": {
				"north": {"uv": [5, 14, 6, 16], "texture": "#1"},
				"east": {"uv": [3, 14, 4, 16], "texture": "#1"},
				"south": {"uv": [5, 14, 6, 16], "texture": "#1"},
				"west": {"uv": [3, 14, 4, 16], "texture": "#1"},
				"up": {"uv": [3, 14, 4, 15], "texture": "#1"},
				"down": {"uv": [5, 15, 6, 16], "rotation": 270, "texture": "#1"}
			}
		},
		{
			"from": [7.5, 10, 11.49999],
			"to": [8.5, 12, 12.49999],
			"rotation": {"angle": -22.5, "axis": "y", "origin": [8, 13, 8]},
			"faces": {
				"north": {"uv": [5, 14, 6, 16], "texture": "#1"},
				"east": {"uv": [3, 14, 4, 16], "texture": "#1"},
				"south": {"uv": [5, 14, 6, 16], "texture": "#1"},
				"west": {"uv": [3, 14, 4, 16], "texture": "#1"},
				"up": {"uv": [3, 14, 4, 15], "rotation": 90, "texture": "#1"}
			}
		},
		{
			"from": [7.5, 14, 11.49999],
			"to": [8.5, 15.98, 12.49999],
			"rotation": {"angle": -22.5, "axis": "y", "origin": [8, 13, 8]},
			"faces": {
				"north": {"uv": [5, 14, 6, 16], "texture": "#1"},
				"east": {"uv": [3, 14, 4, 16], "texture": "#1"},
				"south": {"uv": [5, 14, 6, 16], "texture": "#1"},
				"west": {"uv": [3, 14, 4, 16], "texture": "#1"},
				"up": {"uv": [3, 14, 4, 15], "texture": "#1"},
				"down": {"uv": [5, 15, 6, 16], "rotation": 270, "texture": "#1"}
			}
		},
		{
			"from": [7.5, 11, 12.49999],
			"to": [8.5, 12, 13.49999],
			"rotation": {"angle": -22.5, "axis": "y", "origin": [8, 13, 8]},
			"faces": {
				"up": {"uv": [2, 12, 1, 13], "rotation": 90, "texture": "#1"},
				"down": {"uv": [1, 12, 2, 13], "rotation": 270, "texture": "#1"}
			}
		},
		{
			"from": [7.5, 14, 12.49999],
			"to": [8.5, 15, 13.49999],
			"rotation": {"angle": -22.5, "axis": "y", "origin": [8, 13, 8]},
			"faces": {
				"up": {"uv": [2, 12, 1, 13], "rotation": 90, "texture": "#1"},
				"down": {"uv": [1, 12, 2, 13], "rotation": 270, "texture": "#1"}
			}
		},
		{
			"from": [8.5, 11, 12.49999],
			"to": [9.5, 15, 13.49999],
			"rotation": {"angle": -22.5, "axis": "y", "origin": [8, 13, 8]},
			"faces": {
				"north": {"uv": [2, 12, 3, 15], "texture": "#1"},
				"east": {"uv": [0, 12, 1, 15], "texture": "#1"},
				"south": {"uv": [2, 12, 3, 15], "texture": "#1"},
				"west": {"uv": [0, 12, 1, 15], "texture": "#1"},
				"up": {"uv": [2, 12, 3, 13], "rotation": 90, "texture": "#1"},
				"down": {"uv": [0, 14, 1, 15], "texture": "#1"}
			}
		},
		{
			"from": [6.5, 11, 12.49999],
			"to": [7.5, 15, 13.49999],
			"rotation": {"angle": -22.5, "axis": "y", "origin": [8, 13, 8]},
			"faces": {
				"north": {"uv": [2, 12, 3, 15], "texture": "#1"},
				"east": {"uv": [0, 12, 1, 15], "texture": "#1"},
				"south": {"uv": [2, 12, 3, 15], "texture": "#1"},
				"west": {"uv": [0, 12, 1, 15], "texture": "#1"},
				"up": {"uv": [2, 12, 3, 13], "rotation": 90, "texture": "#1"},
				"down": {"uv": [0, 14, 1, 15], "texture": "#1"}
			}
		}
	],
	"groups": [
		{
			"name": "all",
			"origin": [8, 8, 8],
			"color": 0,
			"children": [
				{
					"name": "group",
					"origin": [3.00001, 11.75, 8],
					"color": 0,
					"children": [0, 1, 2, 3, 4, 5, 6, 7]
				},
				{
					"name": "group",
					"origin": [8, 8, 8],
					"color": 0,
					"children": [8, 9, 10, 11, 12, 13, 14, 15]
				}
			]
		}
	]
}