{
	"credit": "Made with Blockbench",
	"textures": {
		"1": "block/chain",
		"particle": "#particle"
	},
	"elements": [
		{
			"from": [11.49999, 10, 7.5],
			"to": [12.49999, 12, 8.5],
			"rotation": {"angle": -45, "axis": "y", "origin": [8, 13, 8]},
			"faces": {
				"north": {"uv": [3, 14, 4, 16], "texture": "#1"},
				"east": {"uv": [5, 14, 6, 16], "texture": "#1"},
				"south": {"uv": [3, 14, 4, 16], "texture": "#1"},
				"west": {"uv": [5, 14, 6, 16], "texture": "#1"},
				"up": {"uv": [3, 14, 4, 15], "rotation": 180, "texture": "#1"}
			}
		},
		{
			"from": [11.49999, 14, 7.5],
			"to": [12.49999, 16, 8.5],
			"rotation": {"angle": -45, "axis": "y", "origin": [8, 13, 8]},
			"faces": {
				"north": {"uv": [3, 14, 4, 16], "texture": "#1"},
				"east": {"uv": [5, 14, 6, 16], "texture": "#1"},
				"south": {"uv": [3, 14, 4, 16], "texture": "#1"},
				"west": {"uv": [5, 14, 6, 16], "texture": "#1"},
				"up": {"uv": [3, 14, 4, 15], "texture": "#1"},
				"down": {"uv": [5, 15, 6, 16], "rotation": 180, "texture": "#1"}
			}
		},
		{
			"from": [13.49999, 10, 7.5],
			"to": [14.49999, 12, 8.5],
			"rotation": {"angle": -45, "axis": "y", "origin": [8, 13, 8]},
			"faces": {
				"north": {"uv": [3, 14, 4, 16], "texture": "#1"},
				"east": {"uv": [5, 14, 6, 16], "texture": "#1"},
				"south": {"uv": [3, 14, 4, 16], "texture": "#1"},
				"west": {"uv": [5, 14, 6, 16], "texture": "#1"},
				"up": {"uv": [3, 14, 4, 15], "rotation": 180, "texture": "#1"}
			}
		},
		{
			"from": [13.49999, 14, 7.5],
			"to": [14.49999, 16, 8.5],
			"rotation": {"angle": -45, "axis": "y", "origin": [8, 13, 8]},
			"faces": {
				"north": {"uv": [3, 14, 4, 16], "texture": "#1"},
				"east": {"uv": [5, 14, 6, 16], "texture": "#1"},
				"south": {"uv": [3, 14, 4, 16], "texture": "#1"},
				"west": {"uv": [5, 14, 6, 16], "texture": "#1"},
				"up": {"uv": [3, 14, 4, 15], "texture": "#1"},
				"down": {"uv": [5, 15, 6, 16], "rotation": 180, "texture": "#1"}
			}
		},
		{
			"from": [12.49999, 11, 7.5],
			"to": [13.49999, 12, 8.5],
			"rotation": {"angle": -45, "axis": "y", "origin": [8, 13, 8]},
			"faces": {
				"up": {"uv": [2, 12, 1, 13], "rotation": 180, "texture": "#1"},
				"down": {"uv": [1, 12, 2, 13], "rotation": 180, "texture": "#1"}
			}
		},
		{
			"from": [12.49999, 14, 7.5],
			"to": [13.49999, 15, 8.5],
			"rotation": {"angle": -45, "axis": "y", "origin": [8, 13, 8]},
			"faces": {
				"up": {"uv": [2, 12, 1, 13], "rotation": 180, "texture": "#1"},
				"down": {"uv": [1, 12, 2, 13], "rotation": 180, "texture": "#1"}
			}
		},
		{
			"from": [12.49999, 11, 8.5],
			"to": [13.49999, 15, 9.5],
			"rotation": {"angle": -45, "axis": "y", "origin": [8, 13, 8]},
			"faces": {
				"north": {"uv": [0, 12, 1, 15], "texture": "#1"},
				"east": {"uv": [2, 12, 3, 15], "texture": "#1"},
				"south": {"uv": [0, 12, 1, 15], "texture": "#1"},
				"west": {"uv": [2, 12, 3, 15], "texture": "#1"},
				"up": {"uv": [2, 12, 3, 13], "rotation": 180, "texture": "#1"},
				"down": {"uv": [0, 14, 1, 15], "rotation": 270, "texture": "#1"}
			}
		},
		{
			"from": [12.49999, 11, 6.5],
			"to": [13.49999, 15, 7.5],
			"rotation": {"angle": -45, "axis": "y", "origin": [8, 13, 8]},
			"faces": {
				"north": {"uv": [0, 12, 1, 15], "texture": "#1"},
				"east": {"uv": [2, 12, 3, 15], "texture": "#1"},
				"south": {"uv": [0, 12, 1, 15], "texture": "#1"},
				"west": {"uv": [2, 12, 3, 15], "texture": "#1"},
				"up": {"uv": [2, 12, 3, 13], "rotation": 180, "texture": "#1"},
				"down": {"uv": [0, 14, 1, 15], "rotation": 270, "texture": "#1"}
			}
		},
		{
			"from": [1.50001, 10, 7.5],
			"to": [2.50001, 12, 8.5],
			"rotation": {"angle": -45, "axis": "y", "origin": [8, 13, 8]},
			"faces": {
				"north": {"uv": [3, 14, 4, 16], "texture": "#1"},
				"east": {"uv": [5, 14, 6, 16], "texture": "#1"},
				"south": {"uv": [3, 14, 4, 16], "texture": "#1"},
				"west": {"uv": [5, 14, 6, 16], "texture": "#1"},
				"up": {"uv": [3, 14, 4, 15], "rotation": 180, "texture": "#1"}
			}
		},
		{
			"from": [1.50001, 14, 7.5],
			"to": [2.50001, 16, 8.5],
			"rotation": {"angle": -45, "axis": "y", "origin": [8, 13, 8]},
			"faces": {
				"north": {"uv": [3, 14, 4, 16], "texture": "#1"},
				"east": {"uv": [5, 14, 6, 16], "texture": "#1"},
				"south": {"uv": [3, 14, 4, 16], "texture": "#1"},
				"west": {"uv": [5, 14, 6, 16], "texture": "#1"},
				"up": {"uv": [3, 14, 4, 15], "texture": "#1"},
				"down": {"uv": [5, 15, 6, 16], "rotation": 180, "texture": "#1"}
			}
		},
		{
			"from": [3.50001, 10, 7.5],
			"to": [4.50001, 12, 8.5],
			"rotation": {"angle": -45, "axis": "y", "origin": [8, 13, 8]},
			"faces": {
				"north": {"uv": [3, 14, 4, 16], "texture": "#1"},
				"east": {"uv": [5, 14, 6, 16], "texture": "#1"},
				"south": {"uv": [3, 14, 4, 16], "texture": "#1"},
				"west": {"uv": [5, 14, 6, 16], "texture": "#1"},
				"up": {"uv": [3, 14, 4, 15], "rotation": 180, "texture": "#1"}
			}
		},
		{
			"from": [3.50001, 14, 7.5],
			"to": [4.50001, 16, 8.5],
			"rotation": {"angle": -45, "axis": "y", "origin": [8, 13, 8]},
			"faces": {
				"north": {"uv": [3, 14, 4, 16], "texture": "#1"},
				"east": {"uv": [5, 14, 6, 16], "texture": "#1"},
				"south": {"uv": [3, 14, 4, 16], "texture": "#1"},
				"west": {"uv": [5, 14, 6, 16], "texture": "#1"},
				"up": {"uv": [3, 14, 4, 15], "texture": "#1"},
				"down": {"uv": [5, 15, 6, 16], "rotation": 180, "texture": "#1"}
			}
		},
		{
			"from": [2.50001, 11, 7.5],
			"to": [3.50001, 12, 8.5],
			"rotation": {"angle": -45, "axis": "y", "origin": [8, 13, 8]},
			"faces": {
				"up": {"uv": [2, 12, 1, 13], "rotation": 180, "texture": "#1"},
				"down": {"uv": [1, 12, 2, 13], "rotation": 180, "texture": "#1"}
			}
		},
		{
			"from": [2.50001, 14, 7.5],
			"to": [3.50001, 15, 8.5],
			"rotation": {"angle": -45, "axis": "y", "origin": [8, 13, 8]},
			"faces": {
				"up": {"uv": [2, 12, 1, 13], "rotation": 180, "texture": "#1"},
				"down": {"uv": [1, 12, 2, 13], "rotation": 180, "texture": "#1"}
			}
		},
		{
			"from": [2.50001, 11, 8.5],
			"to": [3.50001, 15, 9.5],
			"rotation": {"angle": -45, "axis": "y", "origin": [8, 13, 8]},
			"faces": {
				"north": {"uv": [0, 12, 1, 15], "texture": "#1"},
				"east": {"uv": [2, 12, 3, 15], "texture": "#1"},
				"south": {"uv": [0, 12, 1, 15], "texture": "#1"},
				"west": {"uv": [2, 12, 3, 15], "texture": "#1"},
				"up": {"uv": [2, 12, 3, 13], "rotation": 180, "texture": "#1"},
				"down": {"uv": [0, 14, 1, 15], "rotation": 270, "texture": "#1"}
			}
		},
		{
			"from": [2.50001, 11, 6.5],
			"to": [3.50001, 15, 7.5],
			"rotation": {"angle": -45, "axis": "y", "origin": [8, 13, 8]},
			"faces": {
				"north": {"uv": [0, 12, 1, 15], "texture": "#1"},
				"east": {"uv": [2, 12, 3, 15], "texture": "#1"},
				"south": {"uv": [0, 12, 1, 15], "texture": "#1"},
				"west": {"uv": [2, 12, 3, 15], "texture": "#1"},
				"up": {"uv": [2, 12, 3, 13], "rotation": 180, "texture": "#1"},
				"down": {"uv": [0, 14, 1, 15], "rotation": 270, "texture": "#1"}
			}
		}
	],
	"groups": [
		{
			"name": "all",
			"origin": [8, 8, 8],
			"color": 0,
			"children": [
				{
					"name": "group",
					"origin": [3.00001, 11.75, 8],
					"color": 0,
					"children": [0, 1, 2, 3, 4, 5, 6, 7]
				},
				{
					"name": "group",
					"origin": [8, 8, 8],
					"color": 0,
					"children": [8, 9, 10, 11, 12, 13, 14, 15]
				}
			]
		}
	]
}